,City,Lat,Lng,Max Temp,Humidity,Cloudiness,Wind Speed,Country,Date
0,Nikolskoye,59.7035,30.7861,46.29,80,12,8.95,RU,1631665996
1,Hermanus,-34.4187,19.2345,49.8,63,100,7.7,ZA,1631665996
2,Ankazoabo,-22.2833,44.5167,66.31,48,0,6.17,MG,1631665996
3,Provideniya,64.3833,-173.3,48.31,57,90,6.71,RU,1631665997
4,Salalah,17.0151,54.0924,80.69,89,75,6.91,OM,1631665997
5,Mahébourg,-20.4081,57.7,66.49,94,20,5.75,MU,1631665997
6,Bairiki Village,1.3292,172.9752,87.8,66,75,13.8,KI,1631665997
7,Codrington,-38.2667,141.9667,52.21,68,100,5.37,AU,1631665998
8,Rikitea,-23.1203,-134.9692,74.25,78,62,13.42,PF,1631665998
9,Nouakchott,18.0858,-15.9785,89.53,70,20,7.49,MR,1631665998
10,Flin Flon,54.7682,-101.865,52.74,60,11,3.89,CA,1631665999
11,Albany,42.6001,-73.9662,68.76,80,85,6.46,US,1631665779
12,Demirci,39.0461,28.6589,58.03,82,100,6.2,TR,1631665999
13,Butaritari,3.0707,172.7902,82.89,71,13,12.41,KI,1631666000
14,Tuktoyaktuk,69.4541,-133.0374,48.2,66,20,9.22,CA,1631666000
15,Bambanglipuro,-7.95,110.2833,78.53,79,100,2.55,ID,1631665969
16,Azuaga,38.2667,-5.6833,60.96,92,72,9.15,ES,1631666001
17,Myitkyina,25.3833,97.4,75.81,99,100,0.36,MM,1631666001
18,Khatanga,71.9667,102.5,40.6,90,67,2.66,RU,1631665925
19,Kloulklubed,7.0419,134.2556,82.9,70,97,5.01,PW,1631666002
20,Longyearbyen,78.2186,15.6401,33.64,86,75,2.3,SJ,1631665942
21,Nanortalik,60.1432,-45.2371,38.17,80,13,9.17,GL,1631666002
22,Lambakin,14.75,120.8667,86.52,66,54,0.98,PH,1631666002
23,Jamestown,42.097,-79.2353,75.34,77,1,8.99,US,1631665872
24,Aktobe,50.2797,57.2072,60.89,51,0,6.71,KZ,1631666003
25,Ushuaia,-54.8,-68.3,33.46,60,75,20.71,AR,1631666003
26,Iranshahr,27.2025,60.6848,79.14,10,0,6.91,IR,1631666004
27,Sumbe,-11.2061,13.8437,71.15,90,63,9.33,AO,1631666004
28,Talnakh,69.4865,88.3972,40.42,89,100,6.64,RU,1631665991
29,Port Alfred,-33.5906,26.891,62.06,86,100,13.6,ZA,1631666004
30,Mataura,-46.1927,168.8643,48.47,49,10,5.14,NZ,1631666005
31,Iqaluit,63.7506,-68.5145,35.33,75,75,3.44,CA,1631666005
32,Thompson,55.7435,-97.8558,53.76,66,75,4.61,CA,1631666000
33,Vanimo,-2.6741,141.3028,85.51,62,20,2.98,PG,1631666006
34,Severo-Kuril'sk,50.6789,156.125,51.8,83,54,11.63,RU,1631666006
35,Vaini,-21.2,-175.2,80.76,83,40,6.91,TO,1631666006
36,Bethel,41.3712,-73.414,68.31,82,1,5.75,US,1631666007
37,Plettenberg Bay,-34.0527,23.3716,55.04,83,100,8.05,ZA,1631666007
38,Itarema,-2.9248,-39.9167,79.05,81,1,13.85,BR,1631665766
39,Mar del Plata,-38.0023,-57.5575,42.82,87,0,4.61,AR,1631665784
40,Chui,-33.6971,-53.4616,48.72,78,0,10.04,UY,1631665903
41,Puerto Ayora,-0.7393,-90.3518,67.55,93,26,5.01,EC,1631666008
42,Lázaro Cárdenas,17.9583,-102.2,75.69,92,100,4.05,MX,1631665801
43,Nipawin,53.3668,-104.0009,64.44,42,1,6.91,CA,1631666008
44,Chokurdakh,70.6333,147.9167,38.1,76,100,10.69,RU,1631665934
45,Bilibino,68.0546,166.4372,38.7,95,100,2.73,RU,1631665938
46,Gulu,2.7746,32.299,64.38,95,100,3.71,UG,1631666009
47,Cape Town,-33.9258,18.4232,54.01,76,40,6.91,ZA,1631665989
48,Xai-Xai,-25.0519,33.6442,71.42,72,0,12.97,MZ,1631666009
49,Whyalla,-33.0333,137.5833,62.49,45,100,3.44,AU,1631666010
50,Ceres,37.5949,-120.9577,96.08,21,1,12.66,US,1631666010
51,Mt. Pleasant,32.7941,-79.8626,78.46,88,1,3.0,US,1631665898
52,Bluff,-46.6,168.3333,48.79,68,100,14.9,NZ,1631666010
53,Xichang,27.8964,102.2634,68.38,85,8,1.45,CN,1631665847
54,Tasiilaq,65.6145,-37.6368,39.36,69,100,3.06,GL,1631666011
55,Pevek,69.7008,170.3133,32.94,89,100,4.76,RU,1631666011
56,Saint-Augustin,51.226,-58.6502,40.51,66,7,8.88,CA,1631666011
57,Saint George,37.1041,-113.5841,97.84,8,1,9.22,US,1631665855
58,Acaraú,-2.8856,-40.12,79.0,82,0,13.47,BR,1631666012
59,Hilo,19.7297,-155.09,81.82,69,1,10.36,US,1631665913
60,Saint-Philippe,-21.3585,55.7679,67.41,79,40,8.46,RE,1631666012
61,Lagoa,39.05,-27.9833,68.04,76,68,5.88,PT,1631666013
62,Santa Teresa del Tuy,10.2341,-66.6631,81.52,95,98,2.28,VE,1631666013
63,Atuona,-9.8,-139.0333,78.26,70,0,20.76,PF,1631666013
64,Dunedin,-45.8742,170.5036,49.35,54,3,2.91,NZ,1631665951
65,Hasaki,35.7333,140.8333,75.6,81,100,8.03,JP,1631666014
66,Pouébo,-20.4,164.5667,79.0,69,63,6.85,NC,1631666014
67,Punta Arenas,-53.15,-70.9167,35.71,75,40,26.46,CL,1631666014
68,Kaitangata,-46.2817,169.8464,51.12,48,6,5.35,NZ,1631665922
69,Kapaa,22.0752,-159.319,81.1,66,40,5.99,US,1631666015
70,Esperance,-33.8667,121.9,57.04,57,91,19.17,AU,1631666015
71,Brigantine,39.4101,-74.3646,74.08,92,1,8.05,US,1631666015
72,Shimoda,34.6667,138.95,73.76,86,92,13.29,JP,1631666016
73,Kalmunai,7.4167,81.8167,79.27,81,81,11.01,LK,1631666016
74,Ulladulla,-35.35,150.4667,58.1,70,99,12.5,AU,1631666016
75,Hithadhoo,-0.6,73.0833,83.66,72,11,11.79,MV,1631666017
76,Ponta do Sol,32.6667,-17.1,71.78,74,29,7.74,PT,1631666017
77,São Félix do Xingu,-6.6447,-51.995,82.17,43,49,0.36,BR,1631665847
78,Port Hedland,-20.3167,118.5667,75.25,73,64,9.22,AU,1631666018
79,Lima,-12.0432,-77.0282,59.67,83,90,9.22,PE,1631665649
80,Mizdah,31.4451,12.9801,67.14,61,0,6.62,LY,1631666018
81,Freeport,40.6576,-73.5832,71.78,88,1,4.0,US,1631665718
82,Dikson,73.5069,80.5464,39.76,92,19,17.49,RU,1631666018
83,Port-Gentil,-0.7193,8.7815,76.32,85,100,10.94,GA,1631666019
84,St. George's,12.0564,-61.7485,82.08,83,20,0.0,GD,1631666019
85,Ahipara,-35.1667,173.1667,64.78,76,100,10.67,NZ,1631665962
86,Los Llanos de Aridane,28.6585,-17.9182,66.13,79,0,5.75,ES,1631666020
87,Wanaka,-44.7,169.15,49.1,45,1,1.99,NZ,1631666020
88,Busselton,-33.65,115.3333,60.04,70,96,13.49,AU,1631666020
89,Portland,45.5234,-122.6762,81.19,39,20,1.01,US,1631665833
90,Hobart,-42.8794,147.3294,52.0,67,75,3.0,AU,1631665809
91,Seymchan,62.8833,152.4333,56.75,41,73,4.07,RU,1631666021
92,Lock Haven,41.137,-77.4469,74.59,90,62,3.15,US,1631666021
93,Tonneins,44.3921,0.3124,68.61,88,100,6.82,FR,1631666022
94,Tezu,27.9167,96.1667,81.72,66,10,0.47,IN,1631666022
95,Hong Kong,22.2855,114.1577,86.41,77,46,6.49,HK,1631666006
96,Uren',57.4552,45.7852,44.13,91,100,12.08,RU,1631666022
97,Qaanaaq,77.484,-69.3632,17.69,91,85,5.82,GL,1631666023
98,Aksu,41.1231,80.2644,67.39,49,44,4.27,CN,1631666023
99,Arraial do Cabo,-22.9661,-42.0278,72.7,89,20,22.62,BR,1631666023
100,Nantucket,41.2835,-70.0995,66.9,74,20,12.66,US,1631666008
101,Lakselv,70.0513,24.9718,37.22,93,90,2.3,NO,1631666024
102,Half Moon Bay,37.4636,-122.4286,70.54,70,20,20.71,US,1631666024
103,Baikunthpur,23.25,82.55,72.21,98,100,13.91,IN,1631666024
104,Kamenka,51.3223,42.7678,57.9,58,100,9.71,RU,1631666025
105,Ingham,42.6,-84.3833,68.99,94,75,8.05,US,1631666025
106,Pavlovka,52.6897,47.1405,55.58,82,100,8.93,RU,1631666026
107,Ostrovnoy,68.0531,39.5131,40.06,83,41,11.92,RU,1631665975
108,Harlow,51.7766,0.1116,59.74,96,90,6.91,GB,1631666026
109,Lusaka,-15.4067,28.2871,69.71,34,19,9.08,ZM,1631665862
110,Vardø,70.3705,31.1107,42.94,74,100,9.75,NO,1631666027
111,New Norfolk,-42.7826,147.0587,51.48,61,87,1.39,AU,1631666027
112,Avarua,-21.2078,-159.775,78.85,73,40,18.41,CK,1631666028
113,Bandarbeyla,9.4942,50.8122,78.76,73,93,19.44,SO,1631666028
114,Apostolache,45.1333,26.2667,66.15,58,82,3.85,RO,1631666028
115,Agadez,19.75,10.25,86.07,14,0,7.4,NE,1631666029
116,Evensk,61.95,159.2333,52.75,52,19,2.51,RU,1631666029
117,Taltal,-25.4,-70.4833,57.79,77,5,2.37,CL,1631665821
118,Kavieng,-2.5744,150.7967,82.04,79,36,15.55,PG,1631666030
119,Māngrol,21.1167,70.1167,80.37,92,100,15.12,IN,1631666030
120,Castro,-24.7911,-50.0119,64.44,98,100,2.01,BR,1631666030
121,Barranca,-10.75,-77.7667,60.87,84,86,8.79,PE,1631666031
122,Gamba,-2.65,10.0,75.69,86,100,5.59,GA,1631666031
123,Cherskiy,68.75,161.3,42.13,82,100,1.99,RU,1631666031
124,Kuito,-12.3833,16.9333,62.47,68,76,6.04,AO,1631666032
125,Shinyanga,-3.6667,33.4333,71.92,48,99,5.23,TZ,1631666032
126,Torbay,47.6666,-52.7314,54.73,86,90,10.36,CA,1631665912
127,Superior,46.7208,-92.1041,64.56,70,75,0.0,US,1631665827
128,Sobolevo,54.4299,31.8996,41.97,92,68,7.76,RU,1631666032
129,Rantoul,40.3084,-88.1559,78.73,65,1,5.75,US,1631666033
130,Bakau,13.4781,-16.6819,78.94,94,40,0.0,GM,1631666033
131,Sirsi,14.6167,74.85,68.72,96,100,4.21,IN,1631665810
132,Damaturu,11.747,11.9608,73.51,90,40,5.75,NG,1631666034
133,Asău,46.4333,26.4,55.96,94,26,2.86,RO,1631665752
134,Erenhot,43.6475,111.9767,64.69,74,100,17.0,CN,1631666034
135,Fruitvale,39.0817,-108.4968,86.4,14,1,12.66,US,1631666034
136,Avera,33.194,-82.5271,76.15,59,100,6.89,US,1631665803
137,Santiago,-33.4569,-70.6483,56.35,38,0,5.75,CL,1631665914
138,Buala,-8.145,159.5921,84.88,68,100,9.89,SB,1631666035
139,Koslan,63.4564,48.8989,35.01,98,100,6.4,RU,1631666035
140,Alyangula,-13.8483,136.4192,85.87,66,100,6.91,AU,1631666009
141,Manbij,36.5281,37.9549,66.97,83,0,11.16,SY,1631666036
142,Sitka,57.0531,-135.33,53.49,76,90,14.97,US,1631665929
143,Coyhaique,-45.5752,-72.0662,44.55,81,90,4.61,CL,1631666036
144,Zaton,53.2936,83.8072,49.59,76,40,11.18,RU,1631666036
145,Carnarvon,-24.8667,113.6333,66.27,59,75,8.05,AU,1631665934
146,Champasak,14.75,106.0,76.08,96,100,3.04,LA,1631666037
147,Clonakilty,51.6231,-8.8706,58.21,91,93,6.46,IE,1631666037
148,Port Hardy,50.6996,-127.4199,57.38,72,75,6.91,CA,1631666000
149,Grand Gaube,-20.0064,57.6608,67.37,81,15,5.99,MU,1631666038
150,Narsaq,60.9167,-46.05,35.82,63,11,4.18,GL,1631666038
151,Jiazi,22.8779,116.067,86.32,65,100,6.35,CN,1631666038
152,Arlit,18.7369,7.3853,94.62,24,9,8.93,NE,1631666039
153,Wenzhou,27.9994,120.6668,82.98,59,7,7.25,CN,1631665992
154,Glendive,47.1053,-104.7125,72.12,37,75,9.22,US,1631666039
155,Kumul,42.8,93.45,72.48,23,5,7.36,CN,1631666040
156,Ubari,26.5921,12.7805,76.12,28,0,9.69,LY,1631666040
157,Emet,39.343,29.2585,55.58,89,99,4.23,TR,1631666040
158,Novy Urengoy,66.0833,76.6333,38.1,95,70,6.91,RU,1631665945
159,Alexandria,31.2156,29.9553,77.49,68,0,9.15,EG,1631665748
160,Manadhoo,5.7667,73.3833,82.74,75,100,15.86,MV,1631666041
161,Husavik,66.0449,-17.3389,48.11,66,100,14.79,IS,1631666041
162,Coahuayana Viejo,18.7333,-103.6833,80.08,94,100,1.43,MX,1631666042
163,Shelburne,44.0787,-80.2041,73.44,77,47,20.92,CA,1631665760
164,East London,-33.0153,27.9116,63.25,69,100,20.4,ZA,1631665901
165,Atar,20.5169,-13.0499,93.97,24,5,16.46,MR,1631666042
166,Brae,60.3964,-1.353,55.31,94,52,11.12,GB,1631666042
167,Kahului,20.8947,-156.47,83.93,61,40,17.27,US,1631665901
168,Jasper,37.2001,-94.3502,81.95,54,40,6.91,US,1631665837
169,Alofi,-19.0595,-169.9187,82.29,74,75,11.5,NU,1631666043
170,La Rioja,42.25,-2.5,57.04,85,100,6.11,ES,1631666044
171,Aborlan,9.4352,118.5492,84.78,65,46,3.02,PH,1631666044
172,Tongeren,50.7805,5.4648,65.5,90,75,6.91,BE,1631666044
173,Acajutla,13.5928,-89.8275,79.84,81,73,3.65,SV,1631666044
174,Eureka,40.8021,-124.1637,62.44,72,2,1.99,US,1631666045
175,Mayo,38.8876,-76.5119,78.49,84,1,7.0,US,1631666045
176,Balabac,7.9868,117.0645,83.62,74,72,6.08,PH,1631666046
177,Okha,53.5739,142.9478,61.23,50,7,6.76,RU,1631666046
178,Ancud,-41.8697,-73.8203,47.73,92,100,12.82,CL,1631665892
179,Ende,-8.8432,121.6623,84.11,68,33,3.2,ID,1631666046
180,Kangaatsiaq,68.3065,-53.4641,36.12,75,97,8.16,GL,1631666047
181,Lavrentiya,65.5833,-171.0,42.08,72,100,8.93,RU,1631666047
182,Sarkand,45.41,79.9186,59.74,18,7,5.75,KZ,1631666047
183,Grand-Santi,4.25,-54.3833,74.39,76,3,2.91,GF,1631666048
184,Yulara,-25.2406,130.9889,71.44,17,0,8.05,AU,1631666048
185,Faya,18.3851,42.4509,63.12,52,8,3.06,SA,1631666048
186,Chinhoyi,-17.3667,30.2,66.92,43,8,6.42,ZW,1631666049
187,Fairbanks,64.8378,-147.7164,57.47,44,1,1.99,US,1631666049
188,San Quintín,30.4833,-115.95,72.46,72,0,11.27,MX,1631666049
189,Salamiyah,35.0113,37.0532,68.81,80,0,9.51,SY,1631666050
190,Kibakwe,-6.7167,36.3667,58.5,90,23,3.87,TZ,1631666050
191,Yellowknife,62.456,-114.3525,50.52,100,90,10.36,CA,1631666050
192,Zaykovo,57.5613,62.7568,51.84,95,100,5.95,RU,1631666051
193,Siuna,13.7332,-84.7773,73.81,93,82,0.76,NI,1631666051
194,Bambous Virieux,-20.3428,57.7575,66.45,94,20,5.75,MU,1631665917
195,Kabalo,-6.05,26.9167,79.84,45,100,4.27,CD,1631666052
196,Ribeira Grande,38.5167,-28.7,69.35,75,10,6.93,PT,1631666052
197,Lamar,33.6668,-95.5836,79.63,65,78,7.65,US,1631665860
198,Tessalit,20.1986,1.0114,90.19,19,6,12.01,ML,1631666052
199,Saskylakh,71.9167,114.0833,43.72,86,100,6.93,RU,1631666053
200,Cidreira,-30.1811,-50.2056,61.43,88,100,13.91,BR,1631666053
201,Tomé,-36.6167,-72.95,50.61,75,54,8.86,CL,1631666054
202,Los Palacios,22.5872,-83.2486,76.82,86,100,0.2,CU,1631666054
203,Cabcaben,14.454,120.5914,86.67,78,92,6.04,PH,1631666054
204,Naze,28.3667,129.4833,83.32,76,99,14.56,JP,1631666054
205,Saint Paul Harbor,57.79,-152.4072,52.16,61,19,13.73,US,1631665867
206,Moerai,-22.4333,-151.3333,73.65,80,8,17.18,PF,1631666055
207,Houma,29.5958,-90.7195,75.04,95,75,13.8,US,1631666055
208,Honningsvåg,70.9821,25.9704,44.37,71,100,4.34,NO,1631666056
209,Redwater,33.3582,-94.2544,77.0,71,0,9.17,US,1631666000
210,Lüderitz,-26.6481,15.1594,51.73,74,0,14.81,NA,1631665949
211,Vestmannaeyjar,63.4427,-20.2734,50.92,71,5,16.4,IS,1631666056
212,Jinka,5.65,36.65,68.23,57,100,1.52,ET,1631666056
213,Uchiza,-8.4592,-76.4633,74.03,81,87,3.83,PE,1631666057
214,Clyde River,70.4692,-68.5914,29.1,63,13,0.98,CA,1631666057
215,Bredasdorp,-34.5322,20.0403,51.12,82,100,4.61,ZA,1631665908
216,Qaqortoq,60.7167,-46.0333,36.1,67,12,3.6,GL,1631666058
217,Kruisfontein,-34.0033,24.7314,53.89,83,99,12.41,ZA,1631666058
218,Dudinka,69.4058,86.1778,40.82,92,100,9.86,RU,1631666058
219,Shenjiamen,29.9576,122.298,75.22,93,100,29.86,CN,1631666059
220,Marabu,4.4148,114.0089,73.54,100,40,9.22,MY,1631666059
221,Kewanee,41.2456,-89.9248,71.13,52,100,6.58,US,1631666059
222,Barrow,71.2906,-156.7887,39.22,81,75,9.22,US,1631665934
223,Turukhansk,65.8167,87.9833,37.54,89,97,9.55,RU,1631666060
224,São José da Coroa Grande,-8.8978,-35.1478,75.74,86,20,7.63,BR,1631666060
225,Nome,64.5011,-165.4064,51.87,66,90,6.91,US,1631666060
226,Dzilam González,21.2833,-88.9333,79.47,84,100,6.64,MX,1631666061
227,George Town,5.4112,100.3354,78.76,86,20,2.3,MY,1631665954
228,Kalisz,51.7611,18.091,53.73,78,0,5.79,PL,1631666062
229,Tual,-5.6667,132.75,81.36,80,28,14.5,ID,1631666062
230,‘Āhuimanu,21.4447,-157.8378,84.06,59,20,14.97,US,1631666062
231,Río Gallegos,-51.6226,-69.2181,39.25,56,0,12.66,AR,1631666063
232,Tarrafal,15.2833,-23.7667,79.59,83,94,11.43,CV,1631666063
233,Le Portel,50.7056,1.5757,61.77,100,99,2.75,FR,1631666063
234,Oussouye,12.485,-16.5469,77.09,90,9,5.21,SN,1631666064
235,Agirish,61.9247,63.0231,38.59,85,100,5.77,RU,1631666064
236,Pisco,-13.7,-76.2167,60.85,88,20,6.91,PE,1631666064
237,Karpathos,35.507,27.2132,75.16,78,5,26.46,GR,1631666065
238,Llanes,43.4198,-4.7549,68.86,84,100,3.69,ES,1631666065
239,Arrifes,37.7667,-25.7,66.45,77,20,3.44,PT,1631666066
240,Camabatela,-8.1881,15.375,64.44,95,52,2.28,AO,1631666066
241,Tabas,33.5959,56.9244,77.76,9,0,4.81,IR,1631666066
242,Lompoc,34.6391,-120.4579,67.5,73,1,11.5,US,1631665945
243,Hofn,64.2539,-15.2082,50.94,89,100,14.92,IS,1631665967
244,Windhoek,-22.5594,17.0832,59.2,36,0,5.75,NA,1631666067
245,Riyadh,24.6877,46.7219,78.94,20,99,11.68,SA,1631665817
246,Karera,25.4667,78.15,75.31,95,100,12.46,IN,1631666067
247,Raudeberg,61.9875,5.1352,45.91,74,13,2.62,NO,1631666068
248,Tuatapere,-46.1333,167.6833,48.81,57,20,6.24,NZ,1631666068
249,Peniche,39.3558,-9.3811,65.88,93,73,1.48,PT,1631666068
250,Luleå,65.5842,22.1547,39.27,100,90,8.05,SE,1631666069
251,Winslow,35.0242,-110.6974,89.96,17,40,5.01,US,1631666069
252,Wuwei,37.9281,102.6414,58.84,67,100,6.67,CN,1631666069
253,Paraíso,9.8383,-83.8656,64.08,96,100,1.39,CR,1631666070
254,Coos Bay,43.3665,-124.2179,67.78,45,1,13.8,US,1631666070
255,Cabo San Lucas,22.8909,-109.9124,85.87,78,20,14.97,MX,1631665785
256,Nuuk,64.1835,-51.7216,34.41,69,0,6.91,GL,1631666070
257,Ilulissat,69.2167,-51.1,30.22,80,100,9.22,GL,1631666071
258,Biak,-0.9131,122.8766,77.63,84,95,6.51,ID,1631666071
259,Tarnogskiy Gorodok,60.4997,43.5761,39.2,96,100,5.77,RU,1631666071
260,Gananoque,44.3334,-76.1661,71.47,87,96,13.76,CA,1631666072
261,Port Elizabeth,-33.918,25.5701,55.69,94,75,18.41,ZA,1631665806
262,Kamaishi,39.2667,141.8833,70.75,66,10,11.1,JP,1631666072
263,Palana,59.1167,159.9667,47.57,63,22,10.07,RU,1631666072
264,Filingué,14.3521,3.3168,83.39,53,100,9.26,NE,1631666073
265,Bengkulu,-3.8004,102.2655,78.57,75,87,3.58,ID,1631666073
266,Isugod,9.3408,118.1196,85.23,63,63,3.44,PH,1631666073
267,Calama,-22.4667,-68.9333,51.01,29,99,4.72,CL,1631666074
268,Kushima,31.4583,131.2333,75.24,83,100,7.96,JP,1631666074
269,Kuusamo,65.9667,29.1833,37.44,87,90,6.91,FI,1631666074
270,Broome,42.2506,-75.833,72.46,69,1,1.01,US,1631666074
271,Port Lincoln,-34.7333,135.8667,57.67,65,10,13.29,AU,1631666075
272,Guerrero Negro,27.9769,-114.0611,74.08,69,0,17.63,MX,1631666075
273,Paraná,-31.732,-60.5238,52.47,56,0,6.73,AR,1631666075
274,Kununurra,-15.7667,128.7333,85.98,48,89,3.44,AU,1631666076
275,Araouane,18.9048,-3.5265,99.0,16,57,4.61,ML,1631666076
276,Labuhan,-6.8844,112.2051,82.6,67,46,4.79,ID,1631666076
277,Kasongo-Lunda,-6.4667,16.8167,73.98,79,69,1.43,CD,1631666077
278,Ambilobe,-13.2,49.05,68.79,73,26,4.5,MG,1631666077
279,Ibrā’,22.6906,58.5334,81.21,39,100,0.94,OM,1631666077
280,Umm Kaddadah,13.6017,26.6876,81.19,58,53,6.85,SD,1631666078
281,Diamantino,-14.4086,-56.4461,81.59,54,86,5.3,BR,1631666078
282,Padang,-0.9492,100.3543,73.45,72,84,2.28,ID,1631666078
283,Augusto Corrêa,-1.0217,-46.635,74.43,90,0,2.01,BR,1631666078
284,Victoria Point,-27.5833,153.3,68.99,51,0,8.01,AU,1631666079
285,Ust-Nera,64.5667,143.2,54.95,57,85,4.45,RU,1631665935
286,Tambongon,10.9677,123.9244,84.11,70,45,4.27,PH,1631666079
287,Kysyl-Syr,63.8986,122.7617,54.48,67,100,6.33,RU,1631666079
288,Zhigansk,66.7697,123.3711,48.45,93,100,12.66,RU,1631666080
289,Kaspiysk,42.8816,47.6392,71.78,53,5,13.42,RU,1631666080
290,Igarka,67.4667,86.5833,37.29,93,91,10.8,RU,1631666080
291,Yumen,40.2833,97.2,65.84,37,1,1.07,CN,1631666081
292,Zirndorf,49.4424,10.9541,63.64,77,0,4.61,DE,1631666081
293,Verkhotur'ye,58.8627,60.8054,45.7,99,100,1.99,RU,1631666081
294,Vanavara,60.34,102.2797,42.51,77,98,5.57,RU,1631666082
295,Singapore,1.2897,103.8501,81.66,85,40,5.75,SG,1631666010
296,Upata,8.0086,-62.3989,79.2,89,0,3.8,VE,1631666082
297,Laas,46.6166,10.7002,61.09,92,99,1.9,IT,1631666056
298,Fowa,8.9167,6.4,73.15,93,100,4.0,NG,1631666083
299,Doha,25.2867,51.5333,88.83,58,0,6.91,QA,1631665988
300,Aksarka,66.5606,67.7975,43.41,90,100,6.85,RU,1631666083
301,Kutum,14.2,24.6667,75.36,50,100,7.61,SD,1631666083
302,Kuytun,54.3419,101.5036,42.75,81,100,6.64,RU,1631666084
303,Flinders,-34.5833,150.8552,56.12,68,71,13.29,AU,1631666084
304,Camocim,-2.9022,-40.8411,78.48,79,0,11.9,BR,1631666084
305,Sibolga,1.7427,98.7792,79.5,71,100,1.81,ID,1631666085
306,Alta,69.9689,23.2717,38.46,93,90,2.3,NO,1631666085
307,Sola,-13.8833,167.55,81.27,78,75,0.0,VU,1631666086
308,Hong Gai,20.956,107.0946,76.91,90,100,2.98,VN,1631666087
309,Chegdomyn,51.1167,133.0167,58.42,69,34,3.29,RU,1631665931
310,Mazagão,-0.115,-51.2894,86.05,93,2,4.7,BR,1631666088
311,Port Keats,-14.25,129.55,87.22,54,72,6.55,AU,1631666088
312,Ribas do Rio Pardo,-20.4431,-53.7592,84.69,40,100,3.96,BR,1631666088
313,Takoradze,4.8845,-1.7554,74.73,91,84,5.88,GH,1631666089
314,Sulangan,11.1373,123.7228,82.67,73,55,6.76,PH,1631666089
315,Port Blair,11.6667,92.75,78.84,89,90,4.61,IN,1631665975
316,Napāsar,27.9667,73.55,81.77,78,5,12.97,IN,1631666090
317,Cap Malheureux,-19.9842,57.6142,67.46,81,14,5.99,MU,1631665867
318,Haines Junction,60.7522,-137.5108,51.75,50,100,9.22,CA,1631665947
319,Tigil',57.8,158.6667,53.51,48,18,6.4,RU,1631665991
320,Barcelos,41.5388,-8.6151,65.23,94,100,1.34,PT,1631666091
321,Norman Wells,65.282,-126.8329,48.24,87,90,2.3,CA,1631666091
322,North Bend,43.4065,-124.2243,67.73,45,1,13.8,US,1631666091
323,Lebu,-37.6167,-73.65,47.37,77,100,7.7,CL,1631666091
324,Manta,-0.95,-80.7333,74.98,78,40,10.36,EC,1631666092
325,Kamskiye Polyany,55.4307,51.4171,54.41,78,100,1.41,RU,1631666092
326,Srednekolymsk,67.45,153.6833,55.67,52,100,5.1,RU,1631666092
327,Benguela,-12.5763,13.4055,70.63,84,37,5.48,AO,1631666093
328,Koungou,-12.7336,45.2042,76.71,83,40,2.3,YT,1631666093
329,Tiznit Province,29.5833,-9.5,64.99,86,16,3.27,MA,1631666094
330,Guanare,9.0418,-69.7421,84.22,79,31,3.44,VE,1631666094
331,Basco,20.4487,121.9702,83.7,77,99,8.3,PH,1631666094
332,Quatre Cocos,-20.2078,57.7625,67.08,80,29,10.29,MU,1631666095
333,Leningradskiy,69.3833,178.4167,31.69,89,99,13.76,RU,1631665919
334,Hokitika,-42.7167,170.9667,51.82,47,0,5.82,NZ,1631666095
335,Chuguyevka,44.1653,133.8633,63.48,50,0,3.15,RU,1631666095
336,Chimoio,-19.1164,33.4833,67.86,88,0,1.07,MZ,1631666096
337,Poum,-20.2333,164.0167,75.27,85,22,14.7,NC,1631666096
338,Kintinku,-5.8833,35.2333,69.03,57,74,3.42,TZ,1631666096
339,Saint Anthony,45.0205,-93.218,66.38,55,20,1.99,US,1631666097
340,Yar-Sale,66.8333,70.8333,42.44,97,100,6.29,RU,1631666097
341,Katobu,-4.9408,122.5276,82.27,73,100,5.3,ID,1631666097
342,Farafangana,-22.8167,47.8333,67.21,92,25,6.44,MG,1631666097
343,Copiapó,-27.3667,-70.3333,51.49,61,0,2.01,CL,1631666098
344,Yerbogachën,61.2767,108.0108,43.23,70,67,6.15,RU,1631666098
345,Ketchikan,55.3422,-131.6461,55.87,62,40,0.0,US,1631666026
346,Fairview,40.8126,-73.999,71.76,80,1,8.99,US,1631666099
347,Vilyuysk,63.7553,121.6247,54.27,63,100,6.46,RU,1631666099
348,Waipawa,-41.4122,175.5153,50.76,70,100,5.73,NZ,1631666099
349,São João da Barra,-21.6403,-41.0511,73.9,88,1,18.92,BR,1631666100
350,Parambu,-6.2111,-40.6944,77.61,45,28,4.36,BR,1631666100
351,Ürümqi,43.801,87.6005,59.95,45,0,6.71,CN,1631666101
352,Motygino,58.1831,94.7592,37.85,93,100,11.27,RU,1631666101
353,Gelibolu,40.4103,26.6708,64.26,80,0,5.28,TR,1631666101
354,Malé,4.1748,73.5089,84.15,74,75,14.97,MV,1631665964
355,Mount Gambier,-37.8333,140.7667,55.31,62,90,9.22,AU,1631665892
356,Marshall,34.3834,-86.3333,76.21,65,1,3.44,US,1631665937
357,Soyo,-6.1349,12.3689,74.28,89,0,5.48,AO,1631666105
358,Grandview,38.8858,-94.533,73.29,82,20,1.01,US,1631665880
359,Hīt,33.6416,42.8251,81.84,26,0,7.61,IQ,1631666105
360,Puerto Peñasco,31.3167,-113.5333,88.92,77,0,8.99,MX,1631666043
361,Sarny,51.338,26.6019,50.86,84,100,2.82,UA,1631666106
362,Ryōtsu-minato,38.0833,138.4333,71.56,64,100,9.91,JP,1631666106
363,Bud,39.447,-86.1758,72.61,90,0,6.96,US,1631666106
364,Harper,4.375,-7.7169,77.02,88,100,10.96,LR,1631666107
365,Ajdabiya,30.7554,20.2263,73.45,63,0,9.13,LY,1631666107
366,Zenzeli,45.9241,47.0474,67.39,34,0,2.98,RU,1631666107
367,Vostok,46.4856,135.8833,58.39,44,6,4.05,RU,1631665996
368,Kazygurt,41.7589,69.3864,62.53,19,0,4.16,KZ,1631666108
369,Kushmurun,52.4503,64.6311,57.88,36,100,13.38,KZ,1631666108
370,Japura,-0.3167,102.35,77.79,80,100,1.88,ID,1631666108
371,Lubango,-14.9172,13.4925,62.98,40,7,3.62,AO,1631666109
372,Petropavlovsk-Kamchatskiy,53.0452,158.6483,54.19,50,0,2.24,RU,1631665936
373,Fukuechō,32.6881,128.8419,77.36,88,75,11.5,JP,1631666109
374,Senneterre,48.3835,-77.2328,57.42,94,100,16.22,CA,1631666109
375,Korla,41.7597,86.1469,70.68,29,92,6.8,CN,1631666110
376,Makakilo City,21.3469,-158.0858,85.89,48,20,11.5,US,1631666110
377,Praia da Vitória,38.7333,-27.0667,66.45,82,0,5.66,PT,1631666110
378,Meadow Lake,34.8014,-106.5436,83.08,18,94,13.38,US,1631666111
379,Lorengau,-2.0226,147.2712,81.9,81,98,7.61,PG,1631666111
380,Corn Island,12.1694,-83.0418,82.47,74,34,5.28,NI,1631666111
381,Talcahuano,-36.7167,-73.1167,51.48,71,0,13.8,CL,1631666112
382,Praia,14.9215,-23.5087,79.34,83,20,9.22,CV,1631666112
383,Caxito,-8.5785,13.6643,74.26,88,97,2.44,AO,1631666112
384,Arkhangelsk,64.5401,40.5433,39.31,75,75,6.71,RU,1631666113
385,Bilma,18.6853,12.9164,90.36,21,0,4.14,NE,1631666113
386,Mahajanga,-15.7167,46.3167,69.82,73,20,1.14,MG,1631666113
387,São Domingos,-13.3983,-46.3183,78.67,24,60,8.21,BR,1631666113
388,Wanning,18.8003,110.3967,83.97,79,100,10.78,CN,1631666114
389,Paralímni,35.0375,33.9833,70.03,80,0,1.01,CY,1631666114
390,Morondava,-20.2833,44.2833,72.14,63,0,3.44,MG,1631666115
391,Arona,28.0996,-16.681,66.51,79,20,3.44,ES,1631666115
392,Tiksi,71.6872,128.8694,39.92,94,100,8.25,RU,1631665938
393,Fortuna,40.5982,-124.1573,63.12,67,20,1.99,US,1631665984
394,Klaksvík,62.2266,-6.589,50.92,93,100,7.92,FO,1631666116
395,Tilichiki,60.4667,166.1,46.85,51,18,10.2,RU,1631666116
396,Upernavik,72.7868,-56.1549,26.2,67,38,5.3,GL,1631666116
397,Dhāriwāl,31.9542,75.3192,78.39,78,0,5.17,IN,1631666116
398,Kvarkeno,52.0833,59.725,56.75,51,69,8.1,RU,1631666117
399,San Cristobal,7.7669,-72.225,71.78,85,58,2.1,VE,1631665976
400,Necochea,-38.5473,-58.7368,41.04,79,0,7.49,AR,1631666117
401,Amapá,1.0,-52.0,72.07,89,100,3.51,BR,1631666118
402,Tombouctou,20.0,-3.0,92.52,20,11,5.3,ML,1631666118
403,Presidencia Roque Sáenz Peña,-26.7852,-60.4388,64.44,30,100,6.31,AR,1631666118
404,Conil,44.9673,3.7177,55.33,90,100,5.14,FR,1631666119
405,Norsup,-16.0667,167.3833,82.53,67,10,12.8,VU,1631666119
406,Karakol,42.4907,78.3936,54.63,39,45,3.51,KG,1631666119
407,San Nicolas,18.1725,120.5953,82.31,83,40,4.61,PH,1631666119
408,Aktash,50.3,87.7333,34.45,30,19,2.77,RU,1631666120
409,Erdemli,36.605,34.3084,74.07,67,4,2.95,TR,1631666120
410,Leh,34.1667,77.5833,53.82,37,0,2.84,IN,1631665916
411,Saldanha,-33.0117,17.9442,50.05,63,72,16.51,ZA,1631666121
412,Aligoodarz,33.4006,49.6949,63.28,18,0,5.79,IR,1631666121
413,Rio Grande,-32.035,-52.0986,54.95,69,0,16.89,BR,1631666122
414,Messaria,36.3985,25.4459,70.7,73,2,23.22,GR,1631666122
415,Faanui,-16.4833,-151.75,79.43,71,2,18.45,PF,1631665958
416,San Patricio,28.017,-97.5169,88.23,63,100,9.82,US,1631665923
417,São Filipe,14.8961,-24.4956,79.34,85,100,4.47,CV,1631665941
418,Katsuura,35.1333,140.3,73.51,86,100,11.65,JP,1631665911
419,Örnsköldsvik,63.2909,18.7153,38.35,87,1,5.75,SE,1631666123
420,Contamana,-7.3333,-75.0167,81.37,50,0,2.95,PE,1631666123
421,San Borja,-14.8167,-66.85,85.3,44,87,2.35,BO,1631666123
422,Hancheng,32.5186,112.3522,77.0,70,0,6.6,CN,1631666124
423,Prince Rupert,54.3161,-130.3201,54.43,76,1,4.61,CA,1631665968
424,Beringovskiy,63.05,179.3167,42.49,64,100,13.69,RU,1631665988
425,Geraldton,-28.7667,114.6,55.81,82,36,9.22,AU,1631666124
426,Clearwater,27.9659,-82.8001,75.0,94,90,0.0,US,1631666000
427,Mossamedes,-15.1961,12.1522,59.85,86,11,2.64,AO,1631666125
428,Zambezi,-13.5432,23.1047,66.45,29,22,3.87,ZM,1631666125
429,Lata,40.1629,-8.3327,64.04,91,100,0.98,PT,1631666126
430,Bondo,3.8146,23.6866,65.86,98,100,1.43,CD,1631666126
431,Northam,51.0333,-4.2167,56.05,96,0,0.92,GB,1631666054
432,Dickinson,29.4608,-95.0513,72.99,93,90,1.99,US,1631666126
433,Washington,47.5001,-120.5015,72.25,41,100,5.17,US,1631666127
434,Nyurba,63.2842,118.3319,43.57,88,100,10.98,RU,1631666127
435,Murwillumbah,-28.3167,153.4,68.0,45,0,17.27,AU,1631666127
436,Antofagasta,-23.65,-70.4,58.28,82,92,3.78,CL,1631666128
437,Seminole,28.7086,-81.2081,79.32,92,1,4.61,US,1631665843
438,Djibouti,11.5,42.5,87.22,46,86,7.43,DJ,1631666128
439,Port Hawkesbury,45.6169,-61.3485,52.47,86,20,5.01,CA,1631666128
440,Dingle,10.9995,122.6711,81.99,82,97,6.44,PH,1631665911
441,Fethiye,36.6217,29.1164,66.07,64,10,5.1,TR,1631666129
442,Villa Carlos Paz,-31.4241,-64.4978,48.24,37,0,1.99,AR,1631666129
443,Kautokeino,69.0125,23.0412,36.93,91,100,2.04,NO,1631666129
444,Burlington,39.8835,-74.6413,75.2,86,1,3.0,US,1631666130
445,Aykhal,66.0,111.5,42.04,65,100,14.07,RU,1631666130
446,Amga,60.8953,131.9608,55.38,67,100,1.25,RU,1631666130
447,Dronninglund,57.1604,10.2929,51.31,78,92,3.98,DK,1631666131
448,College,64.8569,-147.8028,56.97,44,1,1.99,US,1631666131
449,Airai,-8.9266,125.4092,74.37,42,69,4.88,TL,1631666131
450,Umm Hājar,13.2954,19.6966,76.44,73,100,2.66,TD,1631666132
451,Constitución,-35.3333,-72.4167,48.09,76,0,11.65,CL,1631665878
452,Quang Ngai,15.1167,108.8,81.61,85,100,5.44,VN,1631666132
453,Vao,-22.6667,167.4833,72.03,86,2,22.32,NC,1631666132
454,Namatanai,-3.6667,152.4333,76.21,92,100,6.85,PG,1631666133
455,Kenora,49.8167,-94.4337,56.44,82,40,4.61,CA,1631665877
456,Berlevåg,70.8578,29.0864,42.22,76,100,7.85,NO,1631666133
457,Krasnoyarskiy,51.965,59.8967,57.27,50,90,8.57,RU,1631666134
458,Maracás,-13.4411,-40.4308,62.6,87,0,5.21,BR,1631666134
459,Luanda,-8.8368,13.2343,72.46,93,77,9.82,AO,1631666073
460,Valley City,46.9233,-98.0032,64.94,42,1,4.61,US,1631666134
461,Mount Isa,-20.7333,139.5,82.17,9,7,13.8,AU,1631666096
462,Werda,-25.2667,23.2833,60.15,30,0,9.06,BW,1631666135
463,Panzhihua,26.5851,101.7128,72.27,85,23,0.96,CN,1631666135
464,Orlik,52.5178,99.825,43.52,64,95,4.56,RU,1631666022
465,Seoul,37.5683,126.9778,74.91,57,0,8.05,KR,1631666112
466,Excelsior Springs,39.3392,-94.2261,71.53,78,1,0.0,US,1631665998
467,Valparaíso,-33.0393,-71.6273,56.84,67,0,6.91,CL,1631666136
468,Kayes,14.0,-11.0,77.86,85,79,5.06,ML,1631666136
469,Marzuq,14.4,46.4667,83.84,37,92,1.79,YE,1631666136
470,Poddor'ye,57.4695,31.1156,42.46,85,91,8.52,RU,1631666137
471,Pilar,-9.5972,-35.9567,75.13,95,23,1.68,BR,1631666137
472,Nara,34.6851,135.8049,73.24,73,52,3.87,JP,1631666138
473,El Salvador,13.8333,-88.9167,73.8,97,63,1.77,SV,1631666138
474,Imeni Babushkina,59.7573,43.1285,39.47,96,100,7.78,RU,1631666138
475,Dalian,38.9122,121.6022,73.33,56,0,2.24,CN,1631665891
476,Souillac,-20.5167,57.5167,66.58,94,20,5.75,MU,1631666002
477,Kibaya,-5.3,36.5667,55.45,90,44,4.85,TZ,1631666139
478,Yadgir,16.7667,77.1333,71.87,93,100,5.84,IN,1631666139
479,Marawi,7.9986,124.2928,72.64,64,37,1.14,PH,1631666139
480,Sirte,31.2089,16.5887,78.15,56,0,8.37,LY,1631666139
481,Yelizovo,53.1873,158.3805,55.54,50,0,2.24,RU,1631665924
482,Jiuquan,39.7432,98.5174,66.34,40,0,1.99,CN,1631666140
483,Itamaraju,-17.0392,-39.5311,68.83,93,0,5.19,BR,1631666140
484,Aripuanã,-9.1667,-60.6333,73.76,86,81,3.58,BR,1631666006
485,Bossangoa,6.4926,17.4552,69.13,98,100,1.95,CF,1631666141
486,Charters Towers,-20.1,146.2667,77.23,30,18,5.61,AU,1631666141
487,Hobyo,5.3505,48.5268,77.43,84,84,22.73,SO,1631666141
488,Poconé,-16.2567,-56.6228,83.25,52,38,6.55,BR,1631666142
489,Minzhu,43.7286,127.3447,61.43,69,99,6.93,CN,1631666142
490,Baisha,26.5222,110.9311,80.29,73,100,0.63,CN,1631666142
491,Coquimbo,-29.9533,-71.3436,55.13,76,0,5.75,CL,1631666143
492,Methóni,36.8197,21.7049,62.46,66,0,9.35,GR,1631666143
493,Cayenne,4.9333,-52.3333,83.08,81,0,1.01,GF,1631666144
494,Khasan,42.4308,130.6434,64.15,59,100,6.62,RU,1631666144
495,Chapais,49.7834,-74.8492,47.98,86,100,17.22,CA,1631666144
496,Jacareacanga,-6.2222,-57.7528,72.9,88,5,2.19,BR,1631666145
497,Kieta,-6.2167,155.6333,77.77,88,100,6.02,PG,1631666145
498,Farmington Hills,42.4853,-83.3772,70.92,84,75,18.41,US,1631666146
499,Beyneu,45.3167,55.2,70.38,25,66,12.3,KZ,1631666146
500,Rocha,-34.4833,-54.3333,47.12,83,0,12.41,UY,1631666146
501,Henties Bay,-22.116,14.2845,51.85,90,0,12.39,NA,1631666147
502,Vangaindrano,-23.35,47.6,65.19,95,14,4.65,MG,1631666147
503,Songjianghe,42.1859,127.479,62.2,54,87,2.21,CN,1631666147
504,Venice,27.0998,-82.4543,75.56,94,90,0.0,US,1631666148
505,Dubbo,-32.25,148.6167,57.33,54,0,5.75,AU,1631666148
506,Maputo,-25.9653,32.5892,68.23,81,0,4.0,MZ,1631666148
507,Keminmaa,65.8596,24.8228,38.97,93,0,6.91,FI,1631666149
508,Zhongxing,33.7039,118.6792,74.1,76,14,9.86,CN,1631666149
509,Aklavik,68.2191,-135.0107,52.52,59,56,2.77,CA,1631666149
510,Pangnirtung,66.1451,-65.7125,32.38,67,57,5.03,CA,1631665999
511,Hanna,51.6334,-111.9018,67.57,37,100,8.43,CA,1631666150
512,Lyngseidet,69.5763,20.2189,41.09,94,100,2.89,NO,1631666150
513,Katakwi,1.8911,33.9661,68.07,80,100,2.75,UG,1631666150
514,Shingū,33.7333,135.9833,74.91,94,100,6.22,JP,1631666151
515,Grindavik,63.8424,-22.4338,48.67,71,75,17.27,IS,1631666151
516,Los Negros,-17.7333,-63.4333,72.95,62,66,10.22,BO,1631666152
517,Waingapu,-9.6567,120.2641,84.92,63,37,7.58,ID,1631666152
518,Kapoeta,4.7717,33.5903,73.63,76,100,2.8,SS,1631666152
519,Khandyga,62.6667,135.6,53.1,87,98,1.19,RU,1631666152
520,Puksoozero,62.5903,40.6066,37.85,98,100,7.49,RU,1631666153
521,Noumea,-22.2763,166.4572,87.78,61,6,7.52,NC,1631666153
522,Arbazh,57.6804,48.3065,44.22,76,100,9.26,RU,1631666154
523,Verkhoyansk,67.5447,133.385,55.38,64,16,1.59,RU,1631665962
524,Mabai,23.0128,104.4508,67.73,89,88,0.98,CN,1631666154
525,Sítio Novo do Tocantins,-5.5183,-47.4611,82.24,54,59,4.56,BR,1631666154
526,Shaoyang,27.2315,111.4525,80.82,66,6,2.89,CN,1631666155
527,Jalu,29.0331,21.5482,74.52,45,0,8.81,LY,1631666155
528,Nauta,-4.5061,-73.5757,81.07,57,76,2.15,PE,1631666155
529,Hamilton,39.1834,-84.5333,79.72,63,1,8.05,US,1631665895
530,Cartagena,10.3997,-75.5144,83.82,84,20,5.75,CO,1631666156
531,Santo Ângelo,-28.2992,-54.2631,61.12,94,75,11.5,BR,1631666156
532,Vila Franca do Campo,37.7167,-25.4333,68.41,83,12,3.94,PT,1631666156
533,Majene,-3.5403,118.9707,81.93,77,34,8.32,ID,1631666157
534,Verāval,20.9,70.3667,79.99,93,100,13.06,IN,1631666157
535,Comodoro Rivadavia,-45.8667,-67.5,55.26,41,0,26.46,AR,1631666065
536,Sisimiut,66.9395,-53.6735,34.74,78,81,7.09,GL,1631666158
537,Kiunga,-6.1219,141.2906,84.25,70,69,3.31,PG,1631666158
538,Sept-Îles,50.2001,-66.3821,47.37,79,75,3.44,CA,1631666158
539,El Dorado,38.7666,-120.5177,84.7,25,0,1.01,US,1631666159
540,Verkhnevilyuysk,63.4453,120.3167,48.72,94,100,6.53,RU,1631666159
541,Matagami,49.7502,-77.6328,51.91,93,90,18.41,CA,1631666159
542,Balkhash,46.844,74.9804,58.19,28,100,11.07,KZ,1631666160
543,Fomboni,-12.28,43.7425,77.23,79,99,5.88,KM,1631666160
544,Meulaboh,4.1363,96.1285,77.83,80,100,3.02,ID,1631666161
545,Diffa,13.3154,12.6113,81.97,61,42,4.79,NE,1631666161
546,Palimbang,6.2106,124.1894,84.29,68,99,1.66,PH,1631666161
547,Mattru,7.6244,-11.8332,73.63,97,100,0.76,SL,1631666162
548,Pleasanton,37.6624,-121.8747,77.67,35,1,12.66,US,1631666162
549,Portobelo,9.55,-79.65,80.1,82,100,3.31,PA,1631666162
550,Mapiripán,2.8892,-72.1256,77.95,79,57,3.6,CO,1631666163
551,Ust-Maya,60.4167,134.5333,58.57,64,2,0.92,RU,1631666163
552,Touros,-5.1989,-35.4608,77.9,83,1,14.0,BR,1631666164
553,High Level,58.5169,-117.136,59.11,67,75,6.91,CA,1631666164
554,Winnemucca,40.973,-117.7357,87.85,7,1,8.05,US,1631666155
555,Criciúma,-28.6775,-49.3697,64.63,97,100,1.16,BR,1631666165
556,Malbork,54.0359,19.0266,51.21,91,0,3.0,PL,1631666165
557,Boralday,43.3578,76.8594,51.66,66,20,2.24,KZ,1631666165
558,Sona,45.4388,10.8255,66.9,77,0,2.3,IT,1631666166
559,Olafsvik,64.8945,-23.7142,48.36,73,100,22.32,IS,1631666166
560,Christchurch,-43.5333,172.6333,51.21,60,20,1.99,NZ,1631665949
561,Esim,4.8699,-2.2405,75.25,90,100,5.46,GH,1631666167
562,Innisfail,-17.5333,146.0333,77.94,63,99,12.21,AU,1631666167
563,Cockburn Town,21.4612,-71.1419,80.56,74,75,2.3,TC,1631666168
564,Cururupu,-1.8283,-44.8683,74.44,94,5,2.13,BR,1631666168
565,Trairi,-3.2778,-39.2689,78.82,85,0,10.45,BR,1631665990
566,Pochinki,54.6988,44.8668,45.88,63,8,12.75,RU,1631666168
567,Iwanai,42.9744,140.5089,67.32,54,0,4.47,JP,1631666169
568,Belmonte,-15.8631,-38.8828,73.9,86,0,8.86,BR,1631666169
569,Kampong Chhnang,12.1667,104.55,77.38,90,100,7.36,KH,1631666170
570,Rawson,-43.3002,-65.1023,55.29,39,38,17.63,AR,1631666170
571,Kailua,21.4022,-157.7394,83.75,63,20,14.97,US,1631666170
572,Alta Floresta,-9.8756,-56.0861,75.51,75,35,4.18,BR,1631666171
